,Student index,Log File
0,0,ENlogs_LTAT.03.001_20210207-0938_FKM_02EN.csv
1,1,ENlogs_LTAT.03.001_20210207-0937_AT_03EN.csv
2,2,ENlogs_LTAT.03.001_20210207-0944_Inf_07EN.csv
3,3,ENlogs_LTAT.03.001_20210207-0940_FKM_03EN.csv
4,5,ENlogs_LTAT.03.001_20210207-0942_Inf_04_veebirühmEN.csv
5,6.0,
6,8,ENlogs_LTAT.03.001_20210207-0943_Inf_06EN.csv
7,9.0,
8,11.0,
9,12,ENlogs_LTAT.03.001_20210207-0940_Inf_01EN.csv
10,14.0,
11,15.0,
12,16,ENlogs_LTAT.03.001_20210207-0943_Inf_05EN.csv
13,17.0,
14,18,ENlogs_LTAT.03.001_20210207-0938_FKM_01EN.csv
15,19,ENlogs_LTAT.03.001_20210207-0935-AT_01EN.csv
16,20,ENlogs_LTAT.03.001_20210207-0944_Inf_07EN.csv
17,21.0,
18,23,ENlogs_LTAT.03.001_20210207-0942_Inf_04_veebirühmEN.csv
19,24,ENlogs_LTAT.03.001_20210207-0937_AT_03EN.csv
20,25.0,
21,26,ENlogs_LTAT.03.001_20210207-0943_Inf_05EN.csv
22,27,ENlogs_LTAT.03.001_20210207-0943_Inf_06EN.csv
23,28,ENlogs_LTAT.03.001_20210207-0940_FKM_03EN.csv
24,29.0,
25,30,ENlogs_LTAT.03.001_20210207-0942_Inf_04_veebirühmEN.csv
26,32.0,
27,33.0,
28,34,ENlogs_LTAT.03.001_20210207-0942_Inf_02EN.csv
29,35.0,
30,38,ENlogs_LTAT.03.001_20210207-0937_AT_02_veebirühmEN.csv
31,39,ENlogs_LTAT.03.001_20210207-0942_Inf_04_veebirühmEN.csv
32,40,ENlogs_LTAT.03.001_20210207-0937_AT_03EN.csv
33,41,ENlogs_LTAT.03.001_20210207-0942_Inf_04_veebirühmEN.csv
34,42.0,
35,43.0,
36,46.0,
37,47,ENlogs_LTAT.03.001_20210207-0938_FKM_01EN.csv
38,48,ENlogs_LTAT.03.001_20210207-0940_FKM_03EN.csv
39,49.0,
40,50,ENlogs_LTAT.03.001_20210207-0942_Inf_02EN.csv
41,51,ENlogs_LTAT.03.001_20210207-0942_Inf_03EN.csv
42,52,ENlogs_LTAT.03.001_20210207-0943_Inf_05EN.csv
43,53.0,
44,54.0,
45,57.0,
46,58,ENlogs_LTAT.03.001_20210207-0940_Inf_01EN.csv
47,59,ENlogs_LTAT.03.001_20210207-0943_Inf_06EN.csv
48,60,ENlogs_LTAT.03.001_20210207-0940_Inf_01EN.csv
49,61.0,
50,62.0,
51,63,ENlogs_LTAT.03.001_20210207-0943_Inf_05EN.csv
52,64.0,
53,65,ENlogs_LTAT.03.001_20210207-0943_Inf_05EN.csv
54,66.0,
55,67,ENlogs_LTAT.03.001_20210207-0942_Inf_02EN.csv
56,68.0,
57,69,ENlogs_LTAT.03.001_20210207-0943_Inf_05EN.csv
58,70,ENlogs_LTAT.03.001_20210207-0943_Inf_06EN.csv
59,71.0,
60,72,ENlogs_LTAT.03.001_20210207-0942_Inf_04_veebirühmEN.csv
61,73,ENlogs_LTAT.03.001_20210207-0935-AT_01EN.csv
62,74.0,
63,75,ENlogs_LTAT.03.001_20210207-0943_Inf_05EN.csv
64,76.0,
65,77,ENlogs_LTAT.03.001_20210207-0938_FKM_01EN.csv
66,78,ENlogs_LTAT.03.001_20210207-0943_Inf_06EN.csv
67,79.0,
68,80.0,
69,81.0,
70,82,ENlogs_LTAT.03.001_20210207-0938_FKM_01EN.csv
71,83,ENlogs_LTAT.03.001_20210207-0937_AT_03EN.csv
72,84.0,
73,85.0,
74,86,ENlogs_LTAT.03.001_20210207-0943_Inf_05EN.csv
75,87.0,
76,88.0,
77,89.0,
78,90.0,
79,91,ENlogs_LTAT.03.001_20210207-0945_Inf_08EN.csv
80,92.0,
81,93,ENlogs_LTAT.03.001_20210207-0937_AT_02_veebirühmEN.csv
82,95,ENlogs_LTAT.03.001_20210207-0942_Inf_02EN.csv
83,96.0,
84,97.0,
85,98.0,
86,99.0,
87,100,ENlogs_LTAT.03.001_20210207-0945_Inf_08EN.csv
88,102,ENlogs_LTAT.03.001_20210207-0943_Inf_06EN.csv
89,103.0,
90,104,ENlogs_LTAT.03.001_20210207-0935-AT_01EN.csv
91,105.0,
92,106.0,
93,107.0,
94,108,ENlogs_LTAT.03.001_20210207-0942_Inf_02EN.csv
95,109.0,
96,111.0,
97,113,ENlogs_LTAT.03.001_20210207-0940_FKM_03EN.csv
98,114.0,
99,115,ENlogs_LTAT.03.001_20210207-0937_AT_03EN.csv
100,116.0,
101,117,ENlogs_LTAT.03.001_20210207-0940_FKM_03EN.csv
102,118,ENlogs_LTAT.03.001_20210207-0942_Inf_03EN.csv
103,119.0,
104,120.0,
105,121.0,
106,123,ENlogs_LTAT.03.001_20210207-0943_Inf_05EN.csv
107,124,ENlogs_LTAT.03.001_20210207-0944_Inf_07EN.csv
108,125.0,
109,126.0,
110,127,ENlogs_LTAT.03.001_20210207-0943_Inf_06EN.csv
111,128,ENlogs_LTAT.03.001_20210207-0943_Inf_05EN.csv
112,129,ENlogs_LTAT.03.001_20210207-0943_Inf_05EN.csv
113,130.0,
114,131.0,
115,132.0,
116,133.0,
117,134,ENlogs_LTAT.03.001_20210207-0942_Inf_04_veebirühmEN.csv
118,135,ENlogs_LTAT.03.001_20210207-0943_Inf_06EN.csv
119,136,ENlogs_LTAT.03.001_20210207-0944_Inf_07EN.csv
120,138.0,
121,139,ENlogs_LTAT.03.001_20210207-0943_Inf_06EN.csv
122,140,ENlogs_LTAT.03.001_20210207-0938_FKM_02EN.csv
123,141,ENlogs_LTAT.03.001_20210207-0942_Inf_03EN.csv
124,142,ENlogs_LTAT.03.001_20210207-0942_Inf_04_veebirühmEN.csv
125,143.0,
126,144.0,
127,145,ENlogs_LTAT.03.001_20210207-0940_Inf_01EN.csv
128,146,ENlogs_LTAT.03.001_20210207-0944_Inf_07EN.csv
129,147.0,
130,148.0,
131,149,ENlogs_LTAT.03.001_20210207-0942_Inf_04_veebirühmEN.csv
132,150.0,
133,151.0,
134,153,ENlogs_LTAT.03.001_20210207-0937_AT_02_veebirühmEN.csv
135,154.0,
136,155.0,
137,156.0,
138,157,ENlogs_LTAT.03.001_20210207-0940_FKM_03EN.csv
139,158.0,
140,159.0,
141,160.0,
142,161.0,
143,162.0,
144,163.0,
145,164,ENlogs_LTAT.03.001_20210207-0943_Inf_05EN.csv
146,165.0,
147,166,ENlogs_LTAT.03.001_20210207-0940_Inf_01EN.csv
148,168.0,
149,169.0,
150,170,ENlogs_LTAT.03.001_20210207-0943_Inf_06EN.csv
151,171,ENlogs_LTAT.03.001_20210207-0938_FKM_02EN.csv
152,172.0,
153,173.0,
154,174.0,
155,175,ENlogs_LTAT.03.001_20210207-0942_Inf_03EN.csv
156,176.0,
157,177,ENlogs_LTAT.03.001_20210207-0937_AT_03EN.csv
158,179.0,
159,180.0,
160,181.0,
161,182.0,
162,184,ENlogs_LTAT.03.001_20210207-0945_Inf_08EN.csv
163,185.0,
164,186.0,
165,187,ENlogs_LTAT.03.001_20210207-0942_Inf_04_veebirühmEN.csv
166,189.0,
167,190,ENlogs_LTAT.03.001_20210207-0945_Inf_08EN.csv
168,191,ENlogs_LTAT.03.001_20210207-0942_Inf_02EN.csv
169,192.0,
170,193.0,
171,194.0,
172,195.0,
173,196,ENlogs_LTAT.03.001_20210207-0944_Inf_07EN.csv
174,199.0,
175,200.0,
176,201.0,
177,202,ENlogs_LTAT.03.001_20210207-0944_Inf_07EN.csv
178,203,ENlogs_LTAT.03.001_20210207-0935-AT_01EN.csv
179,206,ENlogs_LTAT.03.001_20210207-0938_FKM_01EN.csv
180,207,ENlogs_LTAT.03.001_20210207-0942_Inf_02EN.csv
181,208,ENlogs_LTAT.03.001_20210207-0943_Inf_05EN.csv
182,209,ENlogs_LTAT.03.001_20210207-0940_Inf_01EN.csv
183,211,ENlogs_LTAT.03.001_20210207-0944_Inf_07EN.csv
184,212.0,
185,214,ENlogs_LTAT.03.001_20210207-0940_Inf_01EN.csv
186,215.0,
187,216.0,
188,217,ENlogs_LTAT.03.001_20210207-0945_Inf_08EN.csv
189,218,ENlogs_LTAT.03.001_20210207-0938_FKM_02EN.csv
190,219,ENlogs_LTAT.03.001_20210207-0942_Inf_03EN.csv
191,220.0,
192,221.0,
193,222.0,
194,223,ENlogs_LTAT.03.001_20210207-0943_Inf_06EN.csv
195,224.0,
196,227,ENlogs_LTAT.03.001_20210207-0937_AT_03EN.csv
197,228,ENlogs_LTAT.03.001_20210207-0938_FKM_02EN.csv
198,231.0,
199,236.0,
200,237.0,
201,238.0,
202,239,ENlogs_LTAT.03.001_20210207-0940_Inf_01EN.csv
203,240.0,
204,241,ENlogs_LTAT.03.001_20210207-0937_AT_02_veebirühmEN.csv
205,242,ENlogs_LTAT.03.001_20210207-0938_FKM_01EN.csv
206,243,ENlogs_LTAT.03.001_20210207-0945_Inf_08EN.csv
207,244.0,
208,245.0,
209,246,ENlogs_LTAT.03.001_20210207-0944_Inf_07EN.csv
210,247.0,
211,248,ENlogs_LTAT.03.001_20210207-0942_Inf_02EN.csv
212,249,ENlogs_LTAT.03.001_20210207-0935-AT_01EN.csv
213,250.0,
214,251,ENlogs_LTAT.03.001_20210207-0942_Inf_02EN.csv
215,252,ENlogs_LTAT.03.001_20210207-0943_Inf_05EN.csv
216,253.0,
217,254.0,
218,255.0,
219,256.0,
220,257.0,
221,259.0,
222,260,ENlogs_LTAT.03.001_20210207-0937_AT_03EN.csv
223,261.0,
224,262.0,
225,263,ENlogs_LTAT.03.001_20210207-0942_Inf_02EN.csv
226,264,ENlogs_LTAT.03.001_20210207-0944_Inf_07EN.csv
227,265.0,
228,266,ENlogs_LTAT.03.001_20210207-0940_Inf_01EN.csv
229,267.0,
230,268,ENlogs_LTAT.03.001_20210207-0943_Inf_06EN.csv
231,269.0,
232,270,ENlogs_LTAT.03.001_20210207-0942_Inf_04_veebirühmEN.csv
233,271,ENlogs_LTAT.03.001_20210207-0938_FKM_02EN.csv
234,273.0,
235,275.0,
236,276.0,
237,277,ENlogs_LTAT.03.001_20210207-0943_Inf_05EN.csv
238,278.0,
239,280.0,
240,281,ENlogs_LTAT.03.001_20210207-0944_Inf_07EN.csv
241,282,ENlogs_LTAT.03.001_20210207-0937_AT_02_veebirühmEN.csv
242,283,ENlogs_LTAT.03.001_20210207-0945_Inf_08EN.csv
243,284.0,
244,285,ENlogs_LTAT.03.001_20210207-0935-AT_01EN.csv
245,286.0,
246,287,ENlogs_LTAT.03.001_20210207-0942_Inf_02EN.csv
247,290.0,
248,291,ENlogs_LTAT.03.001_20210207-0940_FKM_03EN.csv
249,292.0,
250,293.0,
251,294,ENlogs_LTAT.03.001_20210207-0935-AT_01EN.csv
252,295,ENlogs_LTAT.03.001_20210207-0943_Inf_05EN.csv
253,296,ENlogs_LTAT.03.001_20210207-0940_Inf_01EN.csv
254,297.0,
255,298,ENlogs_LTAT.03.001_20210207-0940_FKM_03EN.csv
256,299.0,
257,300.0,
258,301,ENlogs_LTAT.03.001_20210207-0937_AT_02_veebirühmEN.csv
259,302.0,
260,304.0,
261,306.0,
262,307.0,
263,308.0,
264,309.0,
265,310.0,
266,312.0,
267,313.0,
268,314.0,
269,315.0,
270,316,ENlogs_LTAT.03.001_20210207-0942_Inf_04_veebirühmEN.csv
271,317,ENlogs_LTAT.03.001_20210207-0938_FKM_02EN.csv
272,318.0,
273,319.0,
274,320.0,
275,321.0,
276,323,ENlogs_LTAT.03.001_20210207-0937_AT_03EN.csv
277,325,ENlogs_LTAT.03.001_20210207-0944_Inf_07EN.csv
278,326.0,
279,327.0,
280,328.0,
281,329.0,
282,330.0,
283,331,ENlogs_LTAT.03.001_20210207-0935-AT_01EN.csv
284,332,ENlogs_LTAT.03.001_20210207-0942_Inf_03EN.csv
285,333.0,
286,334.0,
287,335,ENlogs_LTAT.03.001_20210207-0938_FKM_01EN.csv
288,337.0,
289,338,ENlogs_LTAT.03.001_20210207-0938_FKM_01EN.csv
290,339.0,
291,340,ENlogs_LTAT.03.001_20210207-0940_Inf_01EN.csv
292,341.0,
